订单号,日期,品类,渠道,状态,金额
A001,2026-08-19,食品,抖音,已完成,160
A002,2026-08-21,数码,抖音,已完成,1190
A003,2026-08-10,家居,抖音,已完成,290
A004,2026-08-04,数码,天猫,已完成,710
A005,2026-08-09,数码,抖音,已完成,1180
A006,2026-08-26,食品,天猫,已完成,30
A007,2026-08-08,数码,自营,已完成,1590
A008,2026-08-13,食品,自营,已完成,60
A009,2026-08-26,服饰,天猫,已完成,540
A010,2026-08-15,数码,自营,已完成,1540
A011,2026-08-17,家居,天猫,已完成,130
A012,2026-08-13,数码,抖音,已完成,380
A013,2026-08-01,数码,抖音,已完成,1890
A014,2026-08-20,家居,天猫,已完成,400
A015,2026-08-05,家居,抖音,已完成,240
A016,2026-08-14,数码,天猫,已完成,920
A017,2026-08-09,家居,天猫,已完成,650
A018,2026-08-18,食品,自营,已完成,60
A019,2026-08-12,家居,自营,已完成,740
A020,2026-08-23,数码,抖音,已完成,460
A021,2026-08-18,食品,天猫,已完成,50
A022,2026-08-15,服饰,抖音,已完成,200
A023,2026-08-27,家居,自营,已完成,780
A024,2026-08-13,数码,抖音,已完成,1030
A025,2026-08-02,数码,天猫,已退款,810
A026,2026-08-12,服饰,抖音,已完成,420
A027,2026-08-08,家居,抖音,已完成,390
A028,2026-08-02,数码,天猫,已完成,1340
A029,2026-08-03,家居,天猫,已完成,450
A030,2026-08-03,服饰,天猫,已完成,430
A031,2026-08-28,食品,抖音,已退款,140
A032,2026-08-06,服饰,自营,已完成,250
A033,2026-08-21,服饰,天猫,已完成,150
A034,2026-08-26,食品,天猫,已完成,40
A035,2026-08-07,食品,天猫,已完成,150
A036,2026-08-25,食品,天猫,已完成,30
A037,2026-08-07,食品,抖音,已退款,130
A038,2026-08-02,服饰,天猫,已完成,130
A039,2026-08-27,食品,天猫,已完成,200
A040,2026-08-08,家居,天猫,已完成,420
A041,2026-08-02,家居,自营,已完成,450
A042,2026-08-06,食品,天猫,已完成,100
A043,2026-08-17,食品,天猫,已完成,130
A044,2026-08-10,服饰,天猫,已完成,360
A045,2026-08-07,服饰,自营,已完成,390
A046,2026-08-25,数码,自营,已完成,1670
A047,2026-08-05,食品,天猫,已完成,130
A048,2026-08-08,食品,抖音,已完成,150
A049,2026-08-17,食品,天猫,已完成,90
A050,2026-08-14,家居,天猫,已完成,270
A051,2026-08-24,家居,天猫,已完成,130
A052,2026-08-14,家居,自营,已完成,330
A053,2026-08-04,服饰,天猫,已完成,200
A054,2026-08-06,家居,抖音,已完成,480
A055,2026-08-02,数码,抖音,已退款,840
A056,2026-08-03,服饰,自营,已完成,370
A057,2026-08-01,数码,自营,已完成,1850
A058,2026-08-07,食品,自营,已完成,90
A059,2026-08-22,食品,天猫,已完成,160
A060,2026-08-04,食品,天猫,已完成,200
